{
  "$schema": "./node_modules/nx/schemas/nx-schema.json",
  "namedInputs": {
    "default": ["{projectRoot}/**/*", "sharedGlobals"],
    "production": [
      "default",
      "!{projectRoot}/.eslintrc.json",
      "!{projectRoot}/eslint.config.js",
      "!{projectRoot}/**/?(*.)+(spec|test).[jt]s?(x)?(.snap)",
      "!{projectRoot}/tsconfig.spec.json",
      "!{projectRoot}/jest.config.[jt]s",
      "!{projectRoot}/src/test-setup.[jt]s",
      "!{projectRoot}/test-setup.[jt]s"
    ],
    "sharedGlobals": []
  },
  "targetDefaults": {
    "build": {
      "cache": true,
      "dependsOn": ["^build"]
    },
    "@nx/eslint:lint": {
      "cache": true,
      "inputs": [
        "default",
        "{workspaceRoot}/.eslintrc.json",
        "{workspaceRoot}/.eslintignore",
        "{workspaceRoot}/eslint.config.js"
      ]
    },
    "@nx/jest:jest": {
      "cache": true,
      "inputs": ["default", "^production", "{workspaceRoot}/jest.preset.js"],
      "options": {
        "passWithNoTests": true
      },
      "configurations": {
        "ci": {
          "ci": true,
          "codeCoverage": true
        }
      }
    },
    "@nx/webpack:webpack": {
      "inputs": [
        "production",
        "^production",
        {
          "env": "NX_MF_DEV_REMOTES"
        }
      ],
      "dependsOn": ["^build"],
      "cache": true
    },
    "@nx/js:tsc": {
      "cache": true,
      "dependsOn": ["^build"],
      "inputs": ["production", "^production"]
    }
  },
  "generators": {
    "@nx/react": {
      "application": {
        "babel": true,
        "style": "css",
        "linter": "eslint",
        "bundler": "webpack"
      },
      "component": {
        "style": "css"
      },
      "library": {
        "style": "css",
        "linter": "eslint",
        "unitTestRunner": "none"
      }
    }
  },
  "plugins": [
    {
      "plugin": "@nx/eslint/plugin",
      "options": {
        "targetName": "eslint:lint"
      }
    },
    {
      "plugin": "@nx/vite/plugin",
      "options": {
        "buildTargetName": "build",
        "testTargetName": "test",
        "serveTargetName": "serve",
        "previewTargetName": "preview",
        "serveStaticTargetName": "serve-static",
        "typecheckTargetName": "typecheck"
      }
    }
  ]
}
